epoch,completed_at_utc,train_loss_total,train_loss_proposition,train_loss_pecl,train_loss_pecl_text,train_loss_pecl_image,train_loss_label,prediction_file,loss_total,loss_proposition,loss_pecl,loss_pecl_text,loss_pecl_image,loss_label,proposition_macro_f1,proposition_balanced_accuracy,proposition_top1_accuracy,proposition_top2_accuracy,proposition_mrr_at_2,proposition_macro_mrr_at_2,proposition_top3_accuracy,proposition_mrr_at_3,proposition_macro_mrr_at_3,proposition_macro_auc,proposition_mAP,proposition_mean_auc,proposition_mean_ap,proposition_mean_accuracy,proposition_mean_f1,proposition_mean_precision,proposition_mean_recall,proposition_subset_accuracy,label_macro_f1,label_balanced_accuracy,label_top1_accuracy,label_top2_accuracy,label_mrr_at_2,label_macro_mrr_at_2,label_top3_accuracy,label_mrr_at_3,label_macro_mrr_at_3,label_macro_auc,label_mAP,label_mean_auc,label_mean_ap,label_mean_accuracy,label_mean_f1,label_mean_precision,label_mean_recall,label_subset_accuracy,validation_score,best_epoch,best_validation_score,learning_rate
1,2026-10-06T18:56:06.261040+00:00,1.2368581421318507,0.4566278374975636,0.17400593257376126,1.72619539527666,1.3863897403081258,0.6062243730539367,predictions/val_epoch_001.npz,0.8581022541932385,0.23350614555154986,0.15725259262102623,1.5586611289367933,1.3864770108200484,0.4673435117058481,0.000425531914893617,0.02127659574468085,0.010101010101010102,0.02356902356902357,0.016835016835016835,0.031914893617021274,0.04713804713804714,0.024691358024691353,0.03900709219858156,0.5144185429555423,0.04390293650958894,0.5144185429555423,0.04390293650958894,0.5840676266208181,0.09653806254407118,0.07051941017896539,0.6466565349544073,0.006734006734006734,0.0005654909168021488,0.02127659574468085,0.013468013468013467,0.02356902356902357,0.018518518518518517,0.031914893617021274,0.03367003367003367,0.021885521885521887,0.036170212765957444,0.5077565889255141,0.04257171320083362,0.5077565889255141,0.04257171320083362,0.6231821763736657,0.09550314381753118,0.06837618834264757,0.597500844309355,0.003367003367003367,0.000425531914893617,1,0.000425531914893617,1e-06
2,2026-10-06T19:07:09.028050+00:00,0.3777389011922337,0.11015921320234026,0.14162996691607294,1.4024358229977745,1.386381867386046,0.12594972080772832,predictions/val_epoch_002.npz,0.34851446356436216,0.10516504592164999,0.14011904401610595,1.3873266643948026,1.386374826784487,0.10323037427884561,0.000425531914893617,0.02127659574468085,0.010101010101010102,0.02356902356902357,0.016835016835016835,0.031914893617021274,0.04713804713804714,0.024691358024691353,0.03900709219858156,0.49742219357986506,0.04383942457820413,0.49742219357986506,0.04383942457820413,0.5560570241421305,0.09764462104357625,0.07395758123741933,0.6562801264928925,0.003367003367003367,0.0020458265139116204,0.02127659574468085,0.050505050505050504,0.10101010101010101,0.07575757575757576,0.031914893617021274,0.14814814814814814,0.09147025813692479,0.03900709219858156,0.4976516523203565,0.04230966653521073,0.4976516523203565,0.04230966653521073,0.5887241206390141,0.09523609392643392,0.0836391316501933,0.6239354026588069,0.003367003367003367,0.000425531914893617,1,0.000425531914893617,1.09e-05
3,2026-10-06T19:18:37.839763+00:00,0.3449386722275189,0.10462679495768888,0.13860842472031004,1.3722175864946276,1.3866626205898467,0.10170345185768037,predictions/val_epoch_003.npz,0.3395510529628908,0.1031588630794676,0.1354298467186565,1.3404262366921011,1.3872202558549567,0.10096234336545572,0.000425531914893617,0.02127659574468085,0.010101010101010102,0.020202020202020204,0.015151515151515152,0.02925531914893617,0.04713804713804714,0.02413019079685746,0.038120567375886524,0.48638381821165794,0.04334780492719574,0.48638381821165794,0.04334780492719574,0.5852854789025002,0.09593842385145396,0.06649552941230608,0.6241011943139603,0.0,0.0020458265139116204,0.02127659574468085,0.050505050505050504,0.10101010101010101,0.07575757575757576,0.031914893617021274,0.15151515151515152,0.09259259259259259,0.03900709219858156,0.5011818525471504,0.043492459807383435,0.5011818525471504,0.043492459807383435,0.5800558779282183,0.09652694473782275,0.07094187211793399,0.654483282674772,0.003367003367003367,0.000425531914893617,1,0.000425531914893617,2.08e-05
4,2026-10-06T19:30:03.765343+00:00,0.33599467412346884,0.10199030955277738,0.13313459730928853,1.3174770755427225,1.3868868314084553,0.10086976735010034,predictions/val_epoch_004.npz,0.32808274993992814,0.10034942792521583,0.12755117914090655,1.2616449622594146,1.3866801374287718,0.10018214294906418,0.0019155777519326812,0.02127659574468085,0.04713804713804714,0.09764309764309764,0.0723905723905724,0.031914893617021274,0.1447811447811448,0.08810325476992142,0.038534278959810875,0.4641399423640663,0.04531852385695446,0.4641399423640663,0.04531852385695446,0.4806218210473528,0.0952799425668643,0.08188708390820616,0.7657125970955759,0.003367003367003367,0.0020458265139116204,0.02127659574468085,0.050505050505050504,0.10101010101010101,0.07575757575757576,0.031914893617021274,0.14814814814814814,0.09147025813692479,0.03900709219858156,0.5319571526760302,0.04648793208279182,0.5319571526760302,0.04648793208279182,0.6584998925424457,0.10512129811440073,0.097087052465201,0.5883738601823708,0.003367003367003367,0.0019155777519326812,4,0.0019155777519326812,3.07e-05
5,2026-10-06T19:42:08.279629+00:00,0.31784071351091064,0.09809957247759615,0.12267049943052587,1.2128526548544565,1.3852319161097209,0.09707064137217544,predictions/val_epoch_005.npz,0.3059847754260105,0.09542739677308786,0.1179309986055098,1.1654769073833118,1.3833050254218104,0.09262638057422157,0.0073598287167135025,0.0375886524822695,0.05723905723905724,0.1111111111111111,0.08417508417508418,0.05372340425531915,0.18181818181818182,0.10774410774410774,0.06736744343127322,0.6704903261868832,0.07184721110501935,0.6704903261868832,0.07184721110501935,0.694533992406333,0.13906499805892147,0.10809318450551315,0.6752049369070645,0.0,0.009674120297731997,0.04660587639311044,0.08080808080808081,0.1414141414141414,0.1111111111111111,0.06669506616315127,0.23232323232323232,0.14141414141414138,0.08234293287484776,0.6923576121518886,0.0858832724346235,0.6923576121518886,0.0858832724346235,0.7338634572677124,0.1638740109435879,0.1528070108896973,0.6658668754413436,0.0,0.0073598287167135025,5,0.0073598287167135025,4.06e-05
6,2026-10-06T19:54:10.822778+00:00,0.2977113990911416,0.09317632354795932,0.11513758152723312,1.1375566181682406,1.3819179427056085,0.08939749372324773,predictions/val_epoch_006.npz,0.28817179809114346,0.09092883399439981,0.11190459746804703,1.1052481919426709,1.3797766580324784,0.08533836785791699,0.04943944272239648,0.0774822695035461,0.1414141414141414,0.19865319865319866,0.17003367003367004,0.09314420803782507,0.26262626262626265,0.19135802469135801,0.10776201733648542,0.7538497605576868,0.12128984881861757,0.7538497605576868,0.12128984881861757,0.807865892972276,0.213609016876229,0.17519111708051624,0.6866315126953424,0.003367003367003367,0.011506127809741643,0.056914893617021275,0.10101010101010101,0.2222222222222222,0.16161616161616163,0.0969562647754137,0.2996632996632997,0.18742985409652074,0.11192868400315208,0.7970624999459526,0.11370146419212213,0.7970624999459526,0.11370146419212213,0.8353750268643886,0.20064067961739218,0.17820813611025113,0.6322065641214577,0.013468013468013467,0.04943944272239648,6,0.04943944272239648,5.0499999999999994e-05
7,2026-10-06T20:06:13.463927+00:00,0.2751658563457784,0.08575641787832691,0.10698155120369934,1.0560181532587325,1.3797342992964245,0.08242788739679825,predictions/val_epoch_007.npz,0.26709836942178233,0.08260785655341164,0.10354129912375601,1.0216274630742441,1.3785516095883918,0.0809492155257299,0.06636132187892814,0.11253799392097263,0.19528619528619529,0.3333333333333333,0.26430976430976433,0.16442924687605537,0.40404040404040403,0.2878787878787879,0.18559608240459305,0.8409422152228897,0.1781474856058777,0.8409422152228897,0.1781474856058777,0.8855218855218855,0.28513965581898015,0.2647502189840199,0.6793366798685947,0.006734006734006734,0.031022302342760256,0.05717662951705505,0.10437710437710437,0.21885521885521886,0.16161616161616163,0.09319908814589666,0.3333333333333333,0.19977553310886642,0.12270770010131711,0.8419816906763928,0.15353205832256137,0.8419816906763928,0.15353205832256137,0.878214771831793,0.24823889689749012,0.20850127299809124,0.6598208529059594,0.006734006734006734,0.06636132187892814,7,0.06636132187892814,6.04e-05
8,2026-10-06T20:18:19.072680+00:00,0.25636561963529814,0.0784949396426479,0.1001917194042887,0.9881388237078984,1.3778353359018054,0.07767896076575631,predictions/val_epoch_008.npz,0.25565437817011616,0.07800238702433679,0.0994030375422452,0.9802673396839438,1.3763023811558681,0.07824895443137647,0.09693675729935787,0.13820499831138128,0.2356902356902357,0.40404040404040403,0.31986531986531985,0.19599490344171197,0.4781144781144781,0.3445566778900112,0.21902612753676587,0.8535062851975832,0.23387697485871686,0.8535062851975832,0.23387697485871686,0.9131026577835086,0.34121908214951613,0.27923148073220816,0.6939002486874826,0.15151515151515152,0.040205930257081274,0.08969942586963864,0.15488215488215487,0.36363636363636365,0.25925925925925924,0.1520981087470449,0.43434343434343436,0.2828282828282828,0.1693670494202409,0.8679589468783984,0.22378474777859983,0.8679589468783984,0.22378474777859983,0.9109535066981874,0.3291218061902075,0.30897116588120266,0.6240405575511958,0.07744107744107744,0.09693675729935787,8,0.09693675729935787,7.03e-05
9,2026-10-06T20:30:24.904172+00:00,0.23863670694686118,0.0725689244633984,0.09749034017856632,0.9611344645420711,1.3768923705532436,0.06857744255768401,predictions/val_epoch_009.npz,0.23521019458168685,0.0713346380527172,0.09856409428998678,0.9718695441480437,1.3771383601808387,0.06531146129825299,0.17627241497850107,0.2131098216204599,0.3265993265993266,0.43097643097643096,0.3787878787878788,0.2678928341162384,0.5218855218855218,0.40909090909090906,0.2933572042614596,0.8787022187541388,0.30602264052800776,0.8787022187541388,0.30602264052800776,0.9481338204742459,0.41670533824673966,0.3750463893957987,0.6355753584476987,0.12457912457912458,0.17600510701389158,0.244773725092874,0.35353535353535354,0.4882154882154882,0.4208754208754209,0.3018279297534616,0.6161616161616161,0.4635241301907968,0.34955059715698017,0.9156939566989292,0.35548022278247,0.9156939566989292,0.35548022278247,0.9530768679704849,0.4596379167515407,0.4357704930675608,0.6782129808725553,0.2356902356902357,0.17627241497850107,9,0.17627241497850107,8.02e-05
10,2026-10-06T20:42:29.669942+00:00,0.2162289261817932,0.06452132227520148,0.09458613776202712,0.9320997527667454,1.3761609656470162,0.05712146693175393,predictions/val_epoch_010.npz,0.22940498550331553,0.07115016368402777,0.0965390404818034,0.9516323194760666,1.375807209849759,0.06171578045946982,0.18618840418473914,0.22205950078290504,0.37373737373737376,0.5252525252525253,0.4494949494949495,0.2940410948389672,0.5993265993265994,0.4741863075196408,0.3234821620459918,0.8991389519602087,0.32455580111394455,0.8991389519602087,0.32455580111394455,0.9382477254817679,0.43979174190917636,0.39267049473035315,0.7531047557643301,0.1919191919191919,0.2627681332767619,0.3031047557643302,0.4074074074074074,0.6127946127946128,0.51010101010101,0.40505511037425923,0.6666666666666666,0.5280583613916947,0.4263654784931381,0.9408172163319887,0.44895167568099936,0.9408172163319887,0.44895167568099936,0.9600974281825345,0.5601134860476308,0.5179169078612595,0.7780287679223847,0.3164983164983165,0.18618840418473914,10,0.18618840418473914,9.01e-05
11,2026-10-06T20:54:32.853380+00:00,0.20128294373197214,0.05825406738246481,0.09334171987360432,0.919658081588291,1.3759100652876355,0.04968715737618151,predictions/val_epoch_011.npz,0.21062354613032808,0.062332768030840945,0.09573401626111683,0.9435935987767948,1.3746548903108848,0.05255676241535129,0.30126319482494107,0.34172346565963585,0.468013468013468,0.6565656565656566,0.5622895622895623,0.4458521384053299,0.7070707070707071,0.5791245791245792,0.4668501120628779,0.9067162603323161,0.4370288970292013,0.9067162603323161,0.4370288970292013,0.9739952718676121,0.5562381231008336,0.5781758406474334,0.6693239384728747,0.3400673400673401,0.3877156713971765,0.42176399250867336,0.5084175084175084,0.696969696969697,0.6026936026936027,0.5163055325289367,0.7777777777777778,0.6296296296296297,0.5502186249526675,0.9459325018798541,0.5880250564196616,0.9459325018798541,0.5880250564196616,0.9827351529479187,0.6636268504661409,0.699528692838865,0.7165377176015473,0.49158249158249157,0.30126319482494107,11,0.30126319482494107,0.0001
12,2026-10-06T21:06:36.337916+00:00,0.18769562867070946,0.05194711695824351,0.0916272417243038,0.9025108018091746,1.3761597607816969,0.04412127013451287,predictions/val_epoch_012.npz,0.19865838566211738,0.056243203530207224,0.09449305101877913,0.9311691315888556,1.3761355716371375,0.04792213088735587,0.4242266094216152,0.46959488502041685,0.5387205387205387,0.7542087542087542,0.6464646464646465,0.5826647938350066,0.8013468013468014,0.6621773288439955,0.6064236590832335,0.9405721696893729,0.5526663829248102,0.9405721696893729,0.5526663829248102,0.9772189984955939,0.641472916209162,0.6205972439704832,0.7905076601885113,0.42424242424242425,0.5370877006744481,0.5604763439869822,0.6195286195286195,0.7811447811447811,0.7003367003367004,0.6515097786374382,0.8316498316498316,0.7171717171717171,0.6783419299376746,0.9607675105598431,0.6576810669463652,0.9607675105598431,0.6576810669463652,0.9878214771831793,0.729951925460997,0.7552938135476653,0.7783588161247734,0.5757575757575758,0.4242266094216152,12,0.4242266094216152,9.939057285945933e-05
13,2026-10-06T21:18:40.352747+00:00,0.17387424872389862,0.04612144985945807,0.09038543683432397,0.8900908616327105,1.3763489428020659,0.03736736171745828,predictions/val_epoch_013.npz,0.19614660147866014,0.05474250436280713,0.0931473712527792,0.9177118796692152,1.3761817690499303,0.04825672667837304,0.44474746324200193,0.47975115900647813,0.5959595959595959,0.7306397306397306,0.6632996632996633,0.565237481194928,0.8047138047138047,0.6879910213243546,0.6007744619446747,0.9244966430848474,0.5429163145265005,0.9244966430848474,0.5429163145265005,0.9817322157747689,0.6529473082772644,0.6414384198800064,0.7585927665714899,0.47474747474747475,0.45521595937328174,0.49702572840870707,0.6195286195286195,0.7643097643097643,0.6919191919191919,0.5999934757913482,0.8114478114478114,0.7076318742985409,0.6250525774461946,0.9550343417338547,0.6443043984962037,0.9550343417338547,0.6443043984962037,0.9862454330539436,0.7244604924378434,0.7580412040610134,0.7548355899419729,0.5454545454545454,0.44474746324200193,13,0.44474746324200193,9.757729755661011e-05
14,2026-10-06T21:30:45.084442+00:00,0.1609457241105182,0.0408913823576378,0.08899646004041036,0.8762021646613166,1.376242048399789,0.031057882111053915,predictions/val_epoch_014.npz,0.1868752188955493,0.05016370909131737,0.09295248621541644,0.9157632834180839,1.37615604432745,0.04375902462988992,0.5986597136349323,0.6163350833563599,0.6835016835016835,0.7845117845117845,0.734006734006734,0.681093610880845,0.8249158249158249,0.7474747474747475,0.7013401492124895,0.9433369377337242,0.6716231338452512,0.9433369377337242,0.6716231338452512,0.9895407980514364,0.7479205984731834,0.7727851462957845,0.7783918209450122,0.6464646464646465,0.6659127540178598,0.6847241411071198,0.7441077441077442,0.7946127946127947,0.7693602693602694,0.7228447084830064,0.797979797979798,0.7704826038159371,0.7252087746768597,0.9552532410472789,0.7293553459945322,0.9552532410472789,0.7293553459945322,0.9901855433770326,0.7814449780108986,0.8264544339572336,0.7846734825458228,0.7003367003367004,0.5986597136349323,14,0.5986597136349323,9.460482294732421e-05
15,2026-10-06T21:42:54.573567+00:00,0.14428942469613892,0.032546686562931255,0.08767827268512476,0.863020763085002,1.376194869904291,0.024064465756860696,predictions/val_epoch_015.npz,0.18099291286484562,0.04939713868428561,0.09118242343567838,0.8980688175769768,1.375540068655303,0.040413351738919516,0.632901052239597,0.6513401492124895,0.7070707070707071,0.7845117845117845,0.7457912457912458,0.7021422430996898,0.8080808080808081,0.7536475869809204,0.7141595795851112,0.9420312556484021,0.6999549076929698,0.9420312556484021,0.6999549076929698,0.9914750340282256,0.7754668390302994,0.8538380525782542,0.7506900310091797,0.696969696969697,0.6943224456992731,0.6995670995670995,0.7474747474747475,0.8080808080808081,0.7777777777777778,0.7364127598170152,0.8316498316498316,0.7856341189674523,0.7462630356247375,0.96153625352347,0.7540037574844339,0.96153625352347,0.7540037574844339,0.9922630560928433,0.8108575378159748,0.881399864910503,0.7878143133462283,0.7171717171717171,0.632901052239597,15,0.632901052239597,9.05463412215599e-05
16,2026-10-06T21:55:00.496568+00:00,0.13862511728491103,0.030174276518768497,0.08707393370568753,0.8569766094287237,1.3762714888368335,0.021376906986725296,predictions/val_epoch_016.npz,0.1708665654715464,0.042490389812674986,0.09059830388737848,0.8922213552776812,1.376167685897262,0.037777870954625835,0.7437873708450441,0.746460041140892,0.7777777777777778,0.8282828282828283,0.803030303030303,0.7782989469159681,0.8484848484848485,0.8097643097643099,0.7866519808009169,0.9472488144625235,0.7786242973524207,0.9472488144625235,0.7786242973524207,0.9936241851135468,0.8214912568319389,0.8955167173252279,0.7863198857879709,0.7676767676767676,0.743780085918605,0.742382026956495,0.7744107744107744,0.8215488215488216,0.797979797979798,0.7744868901783795,0.8518518518518519,0.8080808080808081,0.7870952432122643,0.9634451639241679,0.7773416068499509,0.9634451639241679,0.7773416068499509,0.992836163048929,0.8152635428731171,0.8864406400858216,0.790397899972368,0.7575757575757576,0.7437873708450441,16,0.7437873708450441,8.55017856687341e-05
17,2026-10-06T22:07:04.020031+00:00,0.12416365755101046,0.02344957592764071,0.08540203129606587,0.8402597381955101,1.376055941411427,0.015312050494858773,predictions/val_epoch_017.npz,0.17118388725450945,0.040706868245821405,0.09025983008170368,0.8888403117054641,1.3757974527500294,0.04021718918098143,0.7549264215252552,0.7582550428295107,0.7777777777777778,0.8316498316498316,0.8047138047138047,0.7923398114887478,0.8417508417508418,0.8080808080808081,0.7950190865084483,0.9392573191992531,0.7525803195021101,0.9392573191992531,0.7525803195021101,0.9925496095708862,0.8132742890709064,0.8727879094900372,0.8052661877129962,0.734006734006734,0.7576077157464053,0.7596734825458229,0.7811447811447811,0.8181818181818182,0.7996632996632996,0.7852476129071874,0.8451178451178452,0.808641975308642,0.7953230378762294,0.9565558258443176,0.7761056278407963,0.9565558258443176,0.7761056278407963,0.9936958234830575,0.8236653444507633,0.8888551165146908,0.79197675846612,0.7744107744107744,0.7549264215252552,17,0.7549264215252552,7.959536998847742e-05
18,2026-10-06T22:19:06.462124+00:00,0.11794744747735206,0.021014919555524276,0.08454568675231366,0.8316960500819343,1.3760805334363664,0.012386841384709225,predictions/val_epoch_018.npz,0.1758167362373686,0.04402432217880431,0.08988889843626857,0.8851336174541049,1.375535740996852,0.04190351587394096,0.7705486599347597,0.7699233981148875,0.7946127946127947,0.8316498316498316,0.8131313131313131,0.798689017837954,0.8417508417508418,0.8164983164983165,0.8034846949740567,0.9488441253106981,0.7522390808927437,0.9488441253106981,0.7522390808927437,0.9924063328318646,0.8134666776375784,0.8708966565349543,0.8085758803843909,0.7542087542087542,0.7830348026638692,0.7727602775475115,0.7946127946127947,0.835016835016835,0.8148148148148148,0.800833563599521,0.8451178451178452,0.8181818181818182,0.8069801357035399,0.9578779661473237,0.7898270119386014,0.9578779661473237,0.7898270119386014,0.9936958234830575,0.834946963393649,0.885385005065856,0.8200416014245799,0.7946127946127947,0.7705486599347597,18,0.7705486599347597,7.297252973710757e-05
19,2026-10-06T22:31:08.700439+00:00,0.11349942159085047,0.01882415991498246,0.08380939532071352,0.8243347927218392,1.375914536203657,0.01086586612357115,predictions/val_epoch_019.npz,0.17186220256166426,0.04078341657703473,0.08921449927468894,0.8783845580386794,1.3760427537590567,0.04186428766830915,0.7563982695119277,0.7676268766694299,0.7878787878787878,0.8282828282828283,0.8080808080808081,0.7976336311442693,0.835016835016835,0.8103254769921437,0.7998288354671333,0.9370457398363591,0.776299877643946,0.9370457398363591,0.776299877643946,0.9934809083745254,0.836031838393797,0.896922108624236,0.8180321451598046,0.7845117845117845,0.7786894025055835,0.7753100917994533,0.7946127946127947,0.8215488215488216,0.8080808080808081,0.7938511252341038,0.8518518518518519,0.8181818181818182,0.805710857306602,0.9571490843754726,0.8008973632132873,0.9571490843754726,0.8008973632132873,0.992836163048929,0.8426113109307164,0.917806484295846,0.825782905038224,0.7878787878787878,0.7563982695119277,18,0.7705486599347597,6.57963412215599e-05
20,2026-10-06T22:42:34.922977+00:00,0.10535960522081171,0.015469985916501,0.08269397541880608,0.8131790893418448,1.3760649241152263,0.007195643879874427,predictions/val_epoch_020.npz,0.16568539926299342,0.037754059828792756,0.0886236227772854,0.8724805827092643,1.3755634910731203,0.03930771699087437,0.7779186741693752,0.7808318749808111,0.797979797979798,0.8316498316498316,0.8148148148148148,0.8069843572503146,0.8417508417508418,0.8181818181818182,0.8106092587475566,0.9331121870242566,0.7792402148926327,0.9331121870242566,0.7792402148926327,0.9934809083745254,0.8343013868953164,0.8772627490712598,0.82326686316048,0.8047138047138047,0.783985746965943,0.7850871941297471,0.8013468013468014,0.8181818181818182,0.8097643097643098,0.7991829388105984,0.8417508417508418,0.8176206509539842,0.8105586001862597,0.9520028552853657,0.7975441958525827,0.9520028552853657,0.7975441958525827,0.9936241851135468,0.8381717239008223,0.8906379081910997,0.8148744281723005,0.8047138047138047,0.7779186741693752,20,0.7779186741693752,5.8243506019491436e-05
21,2026-10-07T02:31:20.922083+00:00,0.10328966432384082,0.014581208418877351,0.08236559783773763,0.8098991430941083,1.375681933051064,0.006342858335188967,predictions/val_epoch_021.npz,0.17216733150710964,0.03851410212866987,0.0887870610462696,0.8741143701052425,1.3756225109100342,0.044866168713851705,0.776266751813942,0.7857626416137055,0.797979797979798,0.8181818181818182,0.8080808080808081,0.800478953670443,0.835016835016835,0.8136924803591469,0.8072446859680903,0.9315618554369414,0.7532024423363933,0.9315618554369414,0.7532024423363933,0.9931943548964826,0.8285376470890234,0.8858000155872495,0.8053506186484909,0.8013468013468014,0.7791841032195355,0.7881267078075588,0.8013468013468014,0.835016835016835,0.8181818181818182,0.8102138405329895,0.8383838383838383,0.8193041526374859,0.8119868901783796,0.9529591132777371,0.7855948213610096,0.9529591132777371,0.7855948213610096,0.9937674618525683,0.8419975478949491,0.9077760891590677,0.8122401829848638,0.8080808080808081,0.776266751813942,20,0.7779186741693752,5.8243506019491436e-05
22,2026-10-07T02:42:47.718174+00:00,0.0993341890119371,0.012808105954900385,0.08178506335687069,0.8040923809721356,1.3758235048680079,0.004741019772717707,predictions/val_epoch_022.npz,0.17469920777411574,0.04177569393193983,0.08826212547343186,0.8688641246721801,1.375711602394027,0.044661388218276254,0.7882223011500988,0.7873330570139081,0.8013468013468014,0.8181818181818182,0.8097643097643098,0.8024039789997237,0.8316498316498316,0.8142536475869808,0.8074360627552116,0.9385130599729509,0.7909424503875996,0.9385130599729509,0.7909424503875996,0.994340568808654,0.842887009310726,0.9282928064842957,0.8022266740351844,0.8080808080808081,0.7896523685484022,0.7896633508335635,0.8047138047138047,0.8181818181818182,0.8114478114478114,0.7947460931503485,0.8316498316498316,0.8159371492704826,0.8030203248288351,0.953641515318302,0.7983836824442132,0.953641515318302,0.7983836824442132,0.9944122071781646,0.8492193885154458,0.928596757852077,0.8107373123330569,0.8080808080808081,0.7882223011500988,22,0.7882223011500988,4.2756493980508586e-05
23,2026-10-07T02:54:54.058146+00:00,0.09579316191375256,0.01125891769659661,0.0812404131694209,0.7986485932554518,1.375552462963831,0.0032938310006925134,predictions/val_epoch_023.npz,0.17154296883930661,0.03717286139726639,0.08763144925387219,0.862559721124694,1.3754760103193597,0.04673865769957647,0.8016690842281018,0.8026319425255595,0.8114478114478114,0.8316498316498316,0.8215488215488216,0.8178041816339688,0.8417508417508418,0.8249158249158249,0.8224141107119831,0.933408417611527,0.7837867377246609,0.933408417611527,0.7837867377246609,0.9937674618525683,0.836981553342692,0.8881303094069051,0.8163097540757113,0.8013468013468014,0.8002840482273712,0.797819379202358,0.8080808080808081,0.835016835016835,0.8215488215488216,0.8112607841331245,0.8417508417508418,0.8237934904601572,0.815397899972368,0.9565429172390089,0.7916385746381218,0.9565429172390089,0.7916385746381218,0.9936958234830575,0.8403090056246563,0.8989868287740627,0.8168163396886801,0.8013468013468014,0.8016690842281018,23,0.8016690842281018,3.5203658778440106e-05
24,2026-10-07T03:06:55.773533+00:00,0.0939393025601194,0.010489207962971358,0.08087249553451935,0.7949682820410956,1.375665793532417,0.0025775989796394633,predictions/val_epoch_024.npz,0.1714974982971294,0.03782860998076823,0.08768856277068456,0.8631317782080936,1.3753835079244492,0.04598032657308104,0.7816463093302816,0.7854080316846275,0.8013468013468014,0.8282828282828283,0.8148148148148148,0.807672469374597,0.8383838383838383,0.8181818181818182,0.8108133001750024,0.9426213902732256,0.7915508037600457,0.9426213902732256,0.7915508037600457,0.9939823769611004,0.8406882624311282,0.9034882965734029,0.8184374136501796,0.8047138047138047,0.7978192422956066,0.8020746983512941,0.8114478114478114,0.8383838383838383,0.8249158249158249,0.8197714224309968,0.8383838383838383,0.8249158249158249,0.8197714224309968,0.9561281348724223,0.7919046458382256,0.9561281348724223,0.7919046458382256,0.9938391002220789,0.8426922606674858,0.8929415737926375,0.8241111725154278,0.8114478114478114,0.7816463093302816,23,0.8016690842281018,2.8027470262892437e-05
25,2026-10-07T03:18:21.235400+00:00,0.09223334493026847,0.009986538080764669,0.08054745933484464,0.7917181999910445,1.3756375576768602,0.0016993476375622171,predictions/val_epoch_025.npz,0.17532969527071976,0.03761587678282349,0.08755761292145309,0.8618212266000433,1.3754895451895717,0.05015620576938605,0.7874566928002396,0.7854080316846275,0.8013468013468014,0.835016835016835,0.8181818181818182,0.8113198857879709,0.8383838383838383,0.8193041526374859,0.8127383255042828,0.9313673747141096,0.7811016173758717,0.9313673747141096,0.7811016173758717,0.9939823769611004,0.8388546211732065,0.9074818798223052,0.8092175554941511,0.8047138047138047,0.8051405625651473,0.8020746983512941,0.8114478114478114,0.8249158249158249,0.8181818181818182,0.8099774339136041,0.8417508417508418,0.823793490460157,0.8179251993081781,0.9519665925603311,0.7875560200427999,0.9519665925603311,0.7875560200427999,0.9936241851135468,0.837469823530155,0.8847095575818977,0.8241111725154278,0.8047138047138047,0.7874566928002396,23,0.8016690842281018,2.1404630011522586e-05
