epoch,completed_at_utc,train_loss,train_loss_ce,train_loss_clip,learning_rate,label_mean_auc,label_mean_ap,label_mean_accuracy,label_mean_f1,label_mean_precision,label_mean_recall,label_subset_accuracy,label_macro_f1,label_balanced_accuracy,label_top1_accuracy,label_top2_accuracy,label_mrr_at_2,label_macro_mrr_at_2,label_top3_accuracy,label_mrr_at_3,label_macro_mrr_at_3,label_validation_score,guideline_mean_auc,guideline_mean_ap,guideline_mean_accuracy,guideline_mean_f1,guideline_mean_precision,guideline_mean_recall,guideline_subset_accuracy,guideline_macro_f1,guideline_balanced_accuracy,guideline_top1_accuracy,guideline_top2_accuracy,guideline_mrr_at_2,guideline_macro_mrr_at_2,guideline_top3_accuracy,guideline_mrr_at_3,guideline_macro_mrr_at_3,guideline_validation_score,best_validation_score,selected_stream,prediction_file,validation_score,best_epoch
1,2026-10-05T09:26:31.668142+00:00,0.691998,0.379478,1.610007,1e-06,0.5104080874436348,0.036846411692637214,0.6345726771258686,0.09397884213620594,0.06632244096472961,0.5884160756501181,0.0,0.007487725040916531,0.020263424518743668,0.016835016835016835,0.04040404040404041,0.02861952861952862,0.03723404255319149,0.05723905723905724,0.03423120089786756,0.042570077676460656,0.007487725040916531,0.4908596500419988,0.03899254054984737,0.5796976860806649,0.08978313281237311,0.08765062757557134,0.6116537717601547,0.006734006734006734,0.0021993890691063525,0.019148936170212762,0.013468013468013467,0.026936026936026935,0.020202020202020204,0.02638888888888889,0.04377104377104377,0.025813692480359144,0.034967071935157044,0.0021993890691063525,0.007487725040916531,label,predictions/val_epoch_001.npz,0.007487725040916531,1
2,2026-10-05T09:41:27.563800+00:00,0.412691,0.207737,1.46567,1.09e-05,0.5187490374440996,0.03656152194935917,0.6447453255963894,0.08723914162075096,0.060652031739440136,0.5904761904761905,0.0,0.00491457080263107,0.01843971631205674,0.04377104377104377,0.08080808080808081,0.06228956228956229,0.026393110435663628,0.12794612794612795,0.07800224466891133,0.03571428571428572,0.00491457080263107,0.4859789506354037,0.03985069518031325,0.6090694175800558,0.09425483399155454,0.10852895353632683,0.5835021952043229,0.003367003367003367,0.0019155777519326812,0.02127659574468085,0.04713804713804714,0.09090909090909091,0.06902356902356903,0.031442080378250595,0.12794612794612795,0.08136924803591469,0.03821907013396375,0.0019155777519326812,0.007487725040916531,label,predictions/val_epoch_002.npz,0.00491457080263107,1
3,2026-10-05T09:56:54.681741+00:00,0.390058,0.204588,1.375794,2.08e-05,0.5249128983185696,0.03344597255343811,0.6558492728705494,0.081369167860179,0.057955704860441694,0.5779389641091768,0.0,0.006037845901685843,0.024113475177304965,0.05723905723905724,0.08754208754208755,0.0723905723905724,0.03049645390070922,0.13804713804713806,0.08922558922558921,0.0375886524822695,0.006037845901685843,0.490147683522762,0.04105147829581524,0.5705996131528045,0.09261812653172158,0.08370477286499332,0.6127237419790611,0.0,0.0020458265139116204,0.02127659574468085,0.050505050505050504,0.09427609427609428,0.0723905723905724,0.03105369807497467,0.14814814814814814,0.09034792368125699,0.03872002701789936,0.0020458265139116204,0.007487725040916531,label,predictions/val_epoch_003.npz,0.006037845901685843,1
4,2026-10-05T10:12:22.472053+00:00,0.376853,0.202593,1.268416,3.07e-05,0.5632926871080705,0.05166197597433367,0.7594383551830362,0.11346401773980747,0.11092576214053165,0.4604464093825795,0.0,0.008270612937737166,0.02978723404255319,0.0707070707070707,0.13804713804713806,0.10437710437710437,0.04402228976697061,0.19865319865319866,0.12457912457912458,0.052668017561634584,0.008270612937737166,0.4916391942749138,0.04623442010246221,0.6092126943190773,0.10504496881497528,0.1020376448877573,0.591303613644039,0.003367003367003367,0.00258940981503261,0.015602836879432622,0.037037037037037035,0.10101010101010101,0.06902356902356903,0.029078014184397163,0.14814814814814814,0.08473625140291806,0.036170212765957444,0.00258940981503261,0.008270612937737166,label,predictions/val_epoch_004.npz,0.008270612937737166,4
5,2026-10-05T10:28:44.553337+00:00,0.3645,0.200974,1.164481,4.06e-05,0.6739903500574803,0.07501788046166927,0.7652410631134033,0.1436210325614279,0.09991318953989388,0.6013109821620459,0.0,0.01024428684003152,0.0425531914893617,0.10101010101010101,0.18518518518518517,0.14309764309764308,0.06043566362715299,0.265993265993266,0.17003367003367004,0.07361610021184489,0.01024428684003152,0.49861949957826296,0.05132315827663186,0.5857153091195645,0.10654601829554904,0.08395725132324328,0.6341607565011821,0.0,0.0026236648137619857,0.01843971631205674,0.04377104377104377,0.10101010101010101,0.0723905723905724,0.03049645390070922,0.15824915824915825,0.09147025813692479,0.03853427895981087,0.0026236648137619857,0.01024428684003152,label,predictions/val_epoch_005.npz,0.01024428684003152,5
6,2026-10-05T10:45:09.454295+00:00,0.347037,0.192615,1.076941,5.0499999999999994e-05,0.7984557976112286,0.1557860310306382,0.8753492370513648,0.23700353157444398,0.2540008563691462,0.5323639126830616,0.003367003367003367,0.05410948163618095,0.08341853182278713,0.1717171717171717,0.2996632996632997,0.2356902356902357,0.11779650609437842,0.35353535353535354,0.2536475869809203,0.13039129900832028,0.05410948163618095,0.5539489384811215,0.06175889263523067,0.5858585858585859,0.11715328026080143,0.09920526037191253,0.7244596420128335,0.0,0.0020458265139116204,0.02127659574468085,0.050505050505050504,0.10101010101010101,0.07575757575757576,0.031914893617021274,0.14814814814814814,0.09147025813692479,0.03900709219858156,0.0020458265139116204,0.05410948163618095,label,predictions/val_epoch_006.npz,0.05410948163618095,6
7,2026-10-05T11:01:34.320094+00:00,0.313703,0.168859,0.982023,6.04e-05,0.9509932723784942,0.6526007270142978,0.9846693889247081,0.718210765733522,0.7740473077704961,0.7200500445181297,0.494949494949495,0.4876999288925381,0.5211983052408585,0.5791245791245792,0.7373737373737373,0.6582491582491582,0.595429983727856,0.7878787878787878,0.6750841750841751,0.6172356800016375,0.4876999288925381,0.6655895293381687,0.0905508084419913,0.6723977362275234,0.16319684478598076,0.11521792719179583,0.7915645819901138,0.0,0.006041356727355736,0.022695035460992906,0.050505050505050504,0.10774410774410774,0.07912457912457913,0.03552546744036105,0.20202020202020202,0.1105499438832772,0.048764238125940246,0.006041356727355736,0.4876999288925381,label,predictions/val_epoch_007.npz,0.4876999288925381,7
8,2026-10-05T11:17:57.789180+00:00,0.262554,0.120626,0.954946,7.03e-05,0.9602225438971259,0.7422360340061457,0.9909019270721399,0.79139990697784,0.8452571839713375,0.7821827699487274,0.6868686868686869,0.6954628154555452,0.7070054649841884,0.7373737373737373,0.7912457912457912,0.7643097643097643,0.7399250867335974,0.8282828282828283,0.77665544332211,0.7515962563834904,0.6954628154555452,0.9273082129736842,0.6302087791821865,0.9845261121856865,0.6919609466410205,0.7693289281837467,0.6999554818703754,0.5185185185185185,0.4213242217855216,0.43021552915169936,0.5016835016835017,0.6363636363636364,0.569023569023569,0.5021380215529152,0.7104377104377104,0.5937149270482605,0.5332423781891867,0.4213242217855216,0.6954628154555452,label,predictions/val_epoch_008.npz,0.6954628154555452,8
9,2026-10-05T11:34:25.157055+00:00,0.204093,0.068787,0.89428,8.02e-05,0.9666825212588935,0.7721720960626366,0.9934809083745255,0.8131194246079231,0.8873100303951367,0.7779451045408492,0.7710437710437711,0.7226194049406254,0.7273111049706793,0.7542087542087542,0.7878787878787878,0.7710437710437711,0.7489718614718616,0.8215488215488216,0.7822671156004488,0.763347891273423,0.7226194049406254,0.9599261522100682,0.7234255787197638,0.9913317572892042,0.7752223594820532,0.8297593068869664,0.7622992846397102,0.7171717171717171,0.6551235589803537,0.6731739891314361,0.7239057239057239,0.7744107744107744,0.7491582491582491,0.7066255257744618,0.7878787878787878,0.7536475869809203,0.7119393018329189,0.6551235589803537,0.7226194049406254,label,predictions/val_epoch_009.npz,0.7226194049406254,9
10,2026-10-05T11:50:49.361221+00:00,0.190349,0.054883,0.901528,9.01e-05,0.9727135820762772,0.7920592050169152,0.992334694462354,0.8329353770186684,0.9021691074882565,0.8129494028430198,0.7474747474747475,0.7387587829491159,0.7372401829848639,0.7811447811447811,0.8249158249158249,0.803030303030303,0.7662590955144147,0.8484848484848485,0.8108866442199776,0.7750342840768374,0.7387587829491159,0.9635331542257526,0.785059349937644,0.9925496095708861,0.82652713945856,0.9006670043904086,0.8031723005127259,0.7542087542087542,0.7690923503471061,0.7650517331368395,0.7912457912457912,0.8215488215488216,0.8063973063973064,0.7813046882195817,0.8484848484848485,0.8153759820426488,0.7926015473887812,0.7690923503471061,0.7690923503471061,guideline,predictions/val_epoch_010.npz,0.7690923503471061,10
11,2026-10-05T14:24:45.022654+00:00,0.174925,0.044278,0.854584,9.01e-05,0.9705749832993075,0.7860556067301032,0.9929794397879503,0.8244612026237309,0.9044432890737482,0.7861425808234318,0.7811447811447811,0.7224975546601367,0.7329848638359276,0.7676767676767676,0.8282828282828283,0.797979797979798,0.7667403518467348,0.8451178451178452,0.8035914702581369,0.7740295559444497,0.7224975546601367,0.966339073443524,0.7985399984684505,0.9937674618525683,0.8367118637690936,0.9163803238897108,0.805316846274293,0.7912457912457912,0.7492977608817735,0.7537211015934417,0.7744107744107744,0.8148148148148148,0.7946127946127947,0.7749639249639247,0.8316498316498316,0.8002244668911336,0.7811189401614932,0.7492977608817735,0.7690923503471061,guideline,predictions/val_epoch_011.npz,0.7492977608817735,10
12,2026-10-05T14:40:20.548475+00:00,0.166861,0.040082,0.819548,9.939057285945933e-05,0.9645996888998308,0.8067497819560251,0.9940540153306111,0.8336711538366168,0.9219195697919101,0.7874174879494028,0.7946127946127947,0.769242355298655,0.7613874305363667,0.7878787878787878,0.8282828282828283,0.8080808080808081,0.786784255933192,0.835016835016835,0.8103254769921436,0.7882702403979001,0.769242355298655,0.9674010726858839,0.8123904859321442,0.9934809083745254,0.8425046764999268,0.9427573156922343,0.7973465659635872,0.7912457912457912,0.7877452207022314,0.7783749347579133,0.7946127946127947,0.8282828282828283,0.8114478114478114,0.7970806085167789,0.8451178451178452,0.8170594837261503,0.8021633508335636,0.7877452207022314,0.7877452207022314,guideline,predictions/val_epoch_012.npz,0.7877452207022314,12
13,2026-10-05T14:56:46.015539+00:00,0.158282,0.03599,0.777004,9.757729755661011e-05,0.9699427064482038,0.8128510172245407,0.9936241851135468,0.838180403045059,0.9127465879969008,0.8054519357710845,0.7744107744107744,0.7616644409691891,0.7609483896717939,0.7777777777777778,0.8282828282828283,0.803030303030303,0.7912721439317182,0.835016835016835,0.8052749719416386,0.7941090233643423,0.7616644409691891,0.9673890125818595,0.817169338514876,0.9946987606562073,0.8483557600105848,0.9471631205673758,0.7959281262472752,0.797979797979798,0.7634719126114383,0.762366829388106,0.7811447811447811,0.8215488215488216,0.8013468013468014,0.7882660188511251,0.835016835016835,0.8058361391694724,0.7912999037999037,0.7634719126114383,0.7877452207022314,guideline,predictions/val_epoch_013.npz,0.7634719126114383,12
14,2026-10-05T15:12:19.278109+00:00,0.150741,0.030614,0.758766,9.460482294732421e-05,0.9736961659650651,0.8254960810614843,0.9946271222866966,0.850609886824506,0.9174772036474165,0.8132449111172515,0.8047138047138047,0.7900655215061378,0.7850534217555493,0.8013468013468014,0.8316498316498316,0.8164983164983165,0.8012303889963465,0.8552188552188552,0.8243546576879911,0.8111482095524649,0.7900655215061378,0.9697517791245184,0.8152535370354076,0.9940540153306111,0.8406501212320043,0.906564505234718,0.8174073562371434,0.8080808080808081,0.7877872161149256,0.7820983390132324,0.8047138047138047,0.835016835016835,0.8198653198653199,0.8030456541094839,0.8451178451178452,0.8232323232323232,0.8075373798778053,0.7877872161149256,0.7900655215061378,label,predictions/val_epoch_014.npz,0.7900655215061378,14
15,2026-10-05T15:28:49.838176+00:00,0.144481,0.024818,0.753604,9.05463412215599e-05,0.9655953014400656,0.8151985061530628,0.994340568808654,0.8470705282582196,0.9148837603781282,0.8199494949494949,0.8080808080808081,0.7861149030310117,0.7857964139879033,0.8013468013468014,0.835016835016835,0.8181818181818182,0.8094328543796628,0.8484848484848485,0.8226711560044893,0.8141694298609192,0.7861149030310117,0.9636795559179001,0.8182779749149067,0.9944122071781646,0.8510432776514436,0.9269747096874756,0.8223718952442355,0.8047138047138047,0.7703627640510518,0.7656343065917534,0.7912457912457912,0.835016835016835,0.8131313131313131,0.7971777040925976,0.8484848484848485,0.8176206509539843,0.7994826686316047,0.7703627640510518,0.7900655215061378,label,predictions/val_epoch_015.npz,0.7861149030310117,14
16,2026-10-05T15:44:20.792156+00:00,0.133935,0.020776,0.693594,8.55017856687341e-05,0.9576934440467603,0.8031103453386274,0.9938391002220789,0.8400885884852766,0.9055870547891826,0.8132195818366031,0.7946127946127947,0.7819199734811034,0.7726167449571704,0.7912457912457912,0.835016835016835,0.8131313131313131,0.7958563599521046,0.8451178451178452,0.8164983164983165,0.7998752724816554,0.7819199734811034,0.9540893024867998,0.7940241062791994,0.9932659932659932,0.8386583916206071,0.8800318128540907,0.8330531761382824,0.797979797979798,0.74342582012554,0.7465367965367966,0.7710437710437711,0.8215488215488216,0.7962962962962963,0.7728919130514873,0.8451178451178452,0.8041526374859708,0.7815291977526019,0.74342582012554,0.7900655215061378,label,predictions/val_epoch_016.npz,0.7819199734811034,14
17,2026-10-05T15:59:51.954347+00:00,0.125758,0.020249,0.616721,7.959536998847742e-05,0.9715281203477057,0.820224014901754,0.9943405688086537,0.8455044281379231,0.9316658223573117,0.7993391360412636,0.8013468013468014,0.7745365525660622,0.7720595007829049,0.7912457912457912,0.8316498316498316,0.8114478114478114,0.7979460256056,0.8518518518518519,0.8181818181818182,0.8040334960547727,0.7745365525660622,0.9724781357932067,0.7905704086114599,0.9936241851135468,0.8308305601680797,0.9014733198243836,0.7982753062540296,0.7878787878787878,0.7516840820580972,0.7405245463756103,0.7676767676767676,0.8114478114478114,0.7895622895622896,0.7715824659973595,0.8417508417508418,0.7996632996632996,0.7794289142693398,0.7516840820580972,0.7900655215061378,label,predictions/val_epoch_017.npz,0.7745365525660622,14
18,2026-10-05T16:15:23.988266+00:00,0.118554,0.015775,0.590249,7.297252973710757e-05,0.9638131325277057,0.8050958819941488,0.9939823769611004,0.8444191267743961,0.9037953181570203,0.8219666267538607,0.7946127946127947,0.7573677388533381,0.7573685180068159,0.7912457912457912,0.8282828282828283,0.8097643097643098,0.7844961775812838,0.8417508417508418,0.8142536475869808,0.7888584425818467,0.7573677388533381,0.9659659241460666,0.8218566167593605,0.9945554839171858,0.8517649290643093,0.9195977190658042,0.8118855730557856,0.8080808080808081,0.7584845556880546,0.7563722329679776,0.7845117845117845,0.8181818181818182,0.8013468013468014,0.7793881059838506,0.835016835016835,0.8069584736251404,0.7850224637458677,0.7584845556880546,0.7900655215061378,guideline,predictions/val_epoch_018.npz,0.7584845556880546,14
19,2026-10-05T16:30:58.572375+00:00,0.107723,0.011996,0.520323,6.57963412215599e-05,0.9642063899104337,0.7901607705536611,0.9940540153306111,0.8256853010127887,0.9048932693644833,0.7854418040588254,0.797979797979798,0.7791153737177773,0.7694843572503147,0.797979797979798,0.8383838383838383,0.8181818181818182,0.7989887476589604,0.8451178451178452,0.8204264870931537,0.8014203586012096,0.7791153737177773,0.9654878563743569,0.7995092011378819,0.9939823769611001,0.8369815107132538,0.9160665523462771,0.802074698351294,0.797979797979798,0.757869725388561,0.7555954683614258,0.7845117845117845,0.8282828282828283,0.8063973063973064,0.783770071536029,0.8383838383838383,0.8097643097643098,0.7879353310204372,0.757869725388561,0.7900655215061378,label,predictions/val_epoch_019.npz,0.7791153737177773,14
20,2026-10-05T16:46:33.234537+00:00,0.10339,0.00913,0.507515,5.8243506019491436e-05,0.9575617837748123,0.7913592725740072,0.9944122071781645,0.8327275973235984,0.9254150105213935,0.7847579134813178,0.797979797979798,0.7808154698803793,0.7804772650517332,0.8013468013468014,0.8316498316498316,0.8164983164983165,0.7993138067606153,0.8484848484848485,0.8221099887766555,0.8042783457677073,0.7808154698803793,0.9631159564679349,0.8234779128787495,0.9944122071781646,0.8513091293852038,0.9249113475177304,0.8121895244235667,0.8148148148148148,0.7766323085939112,0.7763739215866874,0.8013468013468014,0.8417508417508418,0.8215488215488216,0.8009264376285651,0.8585858585858586,0.8271604938271605,0.8086687544134351,0.7766323085939112,0.7900655215061378,label,predictions/val_epoch_020.npz,0.7808154698803793,14
