proposition_id,disease_id,category,polarity,canonicalDescription,sourceExcerpt,sourceUnitIds,flags,action,new_canonical,new_polarity,new_category,note
pityriasis_rosea_P001,pityriasis rosea,history,1,acute course,"Pityriasis rosea (PR) is a common, acute, self-limiting papulosquamous dermatosis that primarily affects children and young adults.",29-001,,,,,,
pityriasis_rosea_P002,pityriasis rosea,morphology,1,papulosquamous lesions,"Pityriasis rosea (PR) is a common, acute, self-limiting papulosquamous dermatosis that primarily affects children and young adults.",29-001,,,,,,
pityriasis_rosea_P003,pityriasis rosea,history,1,age in childhood or young adulthood,"Pityriasis rosea (PR) is a common, acute, self-limiting papulosquamous dermatosis that primarily affects children and young adults.",29-001,,,,,,
pityriasis_rosea_P004,pityriasis rosea,morphology,1,single large oval erythematous patch preceding other lesions,"It is characterized by a distinctive rash that typically begins with a single, large, oval, erythematous patch known as the ""herald patch,"" followed by the appearance of smaller, similar lesions on the trunk and proximal extremities. || Herald Patch: A single, large, oval, erythematous patch that appears first, usually on the trunk, neck, or upper arms. || Herald Patch: The presence of a single, large, oval, erythematous patch is a key diagnostic feature.",29-002;29-008;29-012,,,,,,
pityriasis_rosea_P005,pityriasis rosea,location,1,smaller similar lesions on the trunk and proximal extremities,"It is characterized by a distinctive rash that typically begins with a single, large, oval, erythematous patch known as the ""herald patch,"" followed by the appearance of smaller, similar lesions on the trunk and proximal extremities. || Distribution: Lesions are typically found on the trunk and proximal extremities, sparing the face, scalp, palms, and soles.",29-002;29-010,,,,,,
pityriasis_rosea_P006,pityriasis rosea,location,1,Christmas tree distribution on the back,"The rash often forms a ""Christmas tree"" pattern on the back. || Secondary Lesions: Smaller, oval, scaly lesions that appear days to weeks after the herald patch, often forming a ""Christmas tree"" pattern on the back.",29-003;29-009,,,,,,
pityriasis_rosea_P007,pityriasis rosea,lab,1,human herpesvirus 6 or 7 reactivation,"PR is believed to be associated with the reactivation of human herpesvirus 6 (HHV-6) and/or HHV-7, although the exact cause remains unknown.",29-004,,,,,,
pityriasis_rosea_P008,pityriasis rosea,lab,1,mild leukopenia,Blood Tests: Routine blood tests may show a mild leukopenia with relative lymphocytosis early in the disease course.,29-006,,,,,,
pityriasis_rosea_P009,pityriasis rosea,lab,1,relative lymphocytosis early in the disease course,Blood Tests: Routine blood tests may show a mild leukopenia with relative lymphocytosis early in the disease course.,29-006,,,,,,
pityriasis_rosea_P010,pityriasis rosea,lab,1,extravasated erythrocytes within dermal papillae,"Biopsy: Histopathological examination may show extravasated erythrocytes within dermal papillae and dyskeratotic cells within the dermis, which can help in differentiating PR from other conditions.",29-007,,,,,,
pityriasis_rosea_P011,pityriasis rosea,lab,1,dyskeratotic cells within the dermis,"Biopsy: Histopathological examination may show extravasated erythrocytes within dermal papillae and dyskeratotic cells within the dermis, which can help in differentiating PR from other conditions.",29-007,,,,,,
pityriasis_rosea_P012,pityriasis rosea,location,1,"initial lesion on the trunk, neck or upper arms","Herald Patch: A single, large, oval, erythematous patch that appears first, usually on the trunk, neck, or upper arms.",29-008,,,,,,
pityriasis_rosea_P013,pityriasis rosea,morphology,1,smaller oval scaly lesions following the initial patch,"Secondary Lesions: Smaller, oval, scaly lesions that appear days to weeks after the herald patch, often forming a ""Christmas tree"" pattern on the back.",29-009,,,,,,
pityriasis_rosea_P014,pityriasis rosea,location,-1,"lesions on the face, scalp, palms and soles","Distribution: Lesions are typically found on the trunk and proximal extremities, sparing the face, scalp, palms, and soles.",29-010,INFO:NEGATIVE_POLARITY,,,,,
pityriasis_rosea_P015,pityriasis rosea,symptom,1,mild to moderate itching,"Symptoms: Mild to moderate itching is common, but severe pruritus is rare. Constitutional symptoms such as malaise or a low-grade fever may occur before the rash appears.",29-011,,,,,,
pityriasis_rosea_P016,pityriasis rosea,symptom,1,severe pruritus,"Symptoms: Mild to moderate itching is common, but severe pruritus is rare. Constitutional symptoms such as malaise or a low-grade fever may occur before the rash appears.",29-011,,,,,,
pityriasis_rosea_P017,pityriasis rosea,symptom,1,malaise before rash onset,"Symptoms: Mild to moderate itching is common, but severe pruritus is rare. Constitutional symptoms such as malaise or a low-grade fever may occur before the rash appears.",29-011,,,,,,
pityriasis_rosea_P018,pityriasis rosea,symptom,1,low-grade fever before rash onset,"Symptoms: Mild to moderate itching is common, but severe pruritus is rare. Constitutional symptoms such as malaise or a low-grade fever may occur before the rash appears.",29-011,,,,,,
pityriasis_rosea_P019,pityriasis rosea,morphology,1,peripheral collarette scaling with central clearance,Scaling: Most lesions have a characteristic peripheral collarette of scaling with central clearance.,29-013,,,,,,
pityriasis_rosea_P020,pityriasis rosea,history,1,onset in spring or fall in temperate climates,Seasonal Variation: PR is more common in the spring and fall in temperate climates.,29-014,,,,,,
pityriasis_rosea_P021,pityriasis rosea,history,1,age between 10 and 35 years,"Age and Sex Distribution: PR is most common in individuals between 10 and 35 years of age, with a slight female predominance.",29-015,,,,,,
pityriasis_rosea_P022,pityriasis rosea,history,1,female sex,"Age and Sex Distribution: PR is most common in individuals between 10 and 35 years of age, with a slight female predominance.",29-015,,,,,,
pityriasis_rosea_P023,pityriasis rosea,morphology,1,papular lesions,"Atypical Forms: Variants such as papular, purpuric, vesicular, and localized forms can occur, making diagnosis more challenging.",29-016,,,,,,
pityriasis_rosea_P024,pityriasis rosea,morphology,1,purpuric lesions,"Atypical Forms: Variants such as papular, purpuric, vesicular, and localized forms can occur, making diagnosis more challenging.",29-016,,,,,,
pityriasis_rosea_P025,pityriasis rosea,morphology,1,vesicular lesions,"Atypical Forms: Variants such as papular, purpuric, vesicular, and localized forms can occur, making diagnosis more challenging.",29-016,,,,,,
pityriasis_rosea_P026,pityriasis rosea,location,1,localized lesions,"Atypical Forms: Variants such as papular, purpuric, vesicular, and localized forms can occur, making diagnosis more challenging.",29-016,,,,,,
pityriasis_rosea_P027,pityriasis rosea,history,1,rash persisting for more than 12 weeks,"Persistent PR: In some cases, the rash can persist for more than 12 weeks, with more frequent and severe systemic symptoms and oral lesions.",29-017,,,,,,
pityriasis_rosea_P028,pityriasis rosea,symptom,1,frequent severe systemic symptoms,"Persistent PR: In some cases, the rash can persist for more than 12 weeks, with more frequent and severe systemic symptoms and oral lesions.",29-017,,,,,,
pityriasis_rosea_P029,pityriasis rosea,morphology,1,oral lesions,"Persistent PR: In some cases, the rash can persist for more than 12 weeks, with more frequent and severe systemic symptoms and oral lesions.",29-017,,,,,,
psoriasis_P001,psoriasis,morphology,1,well-demarcated red scaly plaques,"Psoriasis is a chronic, immune-mediated inflammatory skin disease characterized by the formation of sharply demarcated, scaly, erythematous plaques. || Skin Lesions: Well-delineated, red, scaly plaques that vary in extent from a few patches to generalized involvement. Commonly found on the elbows, knees, scalp, and lower back. || Psoriasis is a chronic, immune-mediated inflammatory skin disease characterized by erythematous, scaly plaques. || Clinically, psoriasis is identified by well-delineated, scaly plaques, distinctive nail changes, and joint involvement in psoriatic arthritis.",34-001;34-008;34-016;34-018,,,,,,
psoriasis_P002,psoriasis,history,1,chronic course,"Psoriasis is a chronic, immune-mediated inflammatory skin disease characterized by the formation of sharply demarcated, scaly, erythematous plaques. || Psoriasis is a chronic, immune-mediated inflammatory skin disease characterized by erythematous, scaly plaques.",34-001;34-016,,,,,,
psoriasis_P003,psoriasis,lab,1,HLA-C*06:02 risk allele,"The most common form is chronic plaque psoriasis (psoriasis vulgaris), which is associated with genetic susceptibility, particularly the HLA-C*06:02 risk allele, and environmental triggers such as streptococcal infection, stress, smoking, obesity, and alcohol consumption. || Genetic Testing: The presence of the HLA-C*06:02 allele is a significant genetic risk factor for psoriasis. || Key diagnostic features include elevated inflammatory markers (CRP, ESR), increased levels of proinflammatory cytokines (IL-17, IL-23, TNF-a), and the presence of the HLA-C*06:02 allele.",34-003;34-007;34-017,,,,,,
psoriasis_P004,psoriasis,history,1,streptococcal infection as a trigger,"The most common form is chronic plaque psoriasis (psoriasis vulgaris), which is associated with genetic susceptibility, particularly the HLA-C*06:02 risk allele, and environmental triggers such as streptococcal infection, stress, smoking, obesity, and alcohol consumption.",34-003,,,,,,
psoriasis_P005,psoriasis,history,1,stress as a trigger,"The most common form is chronic plaque psoriasis (psoriasis vulgaris), which is associated with genetic susceptibility, particularly the HLA-C*06:02 risk allele, and environmental triggers such as streptococcal infection, stress, smoking, obesity, and alcohol consumption.",34-003,,,,,,
psoriasis_P006,psoriasis,history,1,smoking,"The most common form is chronic plaque psoriasis (psoriasis vulgaris), which is associated with genetic susceptibility, particularly the HLA-C*06:02 risk allele, and environmental triggers such as streptococcal infection, stress, smoking, obesity, and alcohol consumption.",34-003,,,,,,
psoriasis_P007,psoriasis,history,1,obesity,"The most common form is chronic plaque psoriasis (psoriasis vulgaris), which is associated with genetic susceptibility, particularly the HLA-C*06:02 risk allele, and environmental triggers such as streptococcal infection, stress, smoking, obesity, and alcohol consumption.",34-003,,,,,,
psoriasis_P008,psoriasis,history,1,alcohol consumption,"The most common form is chronic plaque psoriasis (psoriasis vulgaris), which is associated with genetic susceptibility, particularly the HLA-C*06:02 risk allele, and environmental triggers such as streptococcal infection, stress, smoking, obesity, and alcohol consumption.",34-003,,,,,,
psoriasis_P009,psoriasis,morphology,1,guttate lesions,"Psoriasis can also present in other forms, including guttate, pustular, and erythrodermic psoriasis.",34-004,,,,,,
psoriasis_P010,psoriasis,morphology,1,pustular lesions,"Psoriasis can also present in other forms, including guttate, pustular, and erythrodermic psoriasis.",34-004,,,,,,
psoriasis_P011,psoriasis,morphology,1,erythroderma,"Psoriasis can also present in other forms, including guttate, pustular, and erythrodermic psoriasis.",34-004,,,,,,
psoriasis_P012,psoriasis,lab,1,elevated C-reactive protein,"Inflammatory Markers: Elevated levels of C-reactive protein (CRP) and erythrocyte sedimentation rate (ESR) are often observed in active psoriasis. || Key diagnostic features include elevated inflammatory markers (CRP, ESR), increased levels of proinflammatory cytokines (IL-17, IL-23, TNF-a), and the presence of the HLA-C*06:02 allele.",34-005;34-017,,,,,,
psoriasis_P013,psoriasis,lab,1,elevated erythrocyte sedimentation rate,"Inflammatory Markers: Elevated levels of C-reactive protein (CRP) and erythrocyte sedimentation rate (ESR) are often observed in active psoriasis. || Key diagnostic features include elevated inflammatory markers (CRP, ESR), increased levels of proinflammatory cytokines (IL-17, IL-23, TNF-a), and the presence of the HLA-C*06:02 allele.",34-005;34-017,,,,,,
psoriasis_P014,psoriasis,lab,1,"increased proinflammatory cytokines (IL-17, IL-23, TNF-a)","Cytokine Levels: Increased levels of proinflammatory cytokines such as IL-17, IL-23, and TNF-a are key in the pathogenesis of psoriasis. These cytokines can be used as markers of disease severity and response to treatment. || Key diagnostic features include elevated inflammatory markers (CRP, ESR), increased levels of proinflammatory cytokines (IL-17, IL-23, TNF-a), and the presence of the HLA-C*06:02 allele.",34-006;34-017,,,,,,
psoriasis_P015,psoriasis,location,1,extent ranging from a few patches to generalized involvement,"Skin Lesions: Well-delineated, red, scaly plaques that vary in extent from a few patches to generalized involvement. Commonly found on the elbows, knees, scalp, and lower back.",34-008,,,,,,
psoriasis_P016,psoriasis,location,1,"lesions on the elbows, knees, scalp and lower back","Skin Lesions: Well-delineated, red, scaly plaques that vary in extent from a few patches to generalized involvement. Commonly found on the elbows, knees, scalp, and lower back.",34-008,,,,,,
psoriasis_P017,psoriasis,morphology,1,nail pitting,"Nail Changes: Distinctive nail changes occur in about 50% of patients, including pitting, onycholysis (separation of the nail from the nail bed), and subungual hyperkeratosis. || Pitting and Onycholysis: Characteristic nail changes.",34-009;34-013,,,,,,
psoriasis_P018,psoriasis,morphology,1,onycholysis (separation of the nail from the nail bed),"Nail Changes: Distinctive nail changes occur in about 50% of patients, including pitting, onycholysis (separation of the nail from the nail bed), and subungual hyperkeratosis. || Pitting and Onycholysis: Characteristic nail changes.",34-009;34-013,,,,,,
psoriasis_P019,psoriasis,morphology,1,subungual hyperkeratosis,"Nail Changes: Distinctive nail changes occur in about 50% of patients, including pitting, onycholysis (separation of the nail from the nail bed), and subungual hyperkeratosis.",34-009,,,,,,
psoriasis_P020,psoriasis,symptom,1,"joint swelling, pain and stiffness","Joint Involvement: Psoriatic arthritis affects 10-15% of patients with psoriasis. Clinical findings include joint swelling, pain, and stiffness, particularly in the distal interphalangeal joints, and may also involve the spine (axial involvement). || Joint Symptoms: Pain, swelling, and stiffness, especially in the distal interphalangeal joints and spine.",34-010;34-014,,,,,,
psoriasis_P021,psoriasis,location,1,involvement of the distal interphalangeal joints,"Joint Involvement: Psoriatic arthritis affects 10-15% of patients with psoriasis. Clinical findings include joint swelling, pain, and stiffness, particularly in the distal interphalangeal joints, and may also involve the spine (axial involvement). || Joint Symptoms: Pain, swelling, and stiffness, especially in the distal interphalangeal joints and spine.",34-010;34-014,,,,,,
psoriasis_P022,psoriasis,location,1,involvement of the spine (axial involvement),"Joint Involvement: Psoriatic arthritis affects 10-15% of patients with psoriasis. Clinical findings include joint swelling, pain, and stiffness, particularly in the distal interphalangeal joints, and may also involve the spine (axial involvement). || Joint Symptoms: Pain, swelling, and stiffness, especially in the distal interphalangeal joints and spine.",34-010;34-014,,,,,,
psoriasis_P023,psoriasis,history,1,new lesions at sites of skin trauma (Koebner phenomenon),Koebner Phenomenon: The appearance of new psoriatic lesions at sites of skin trauma. || The Koebner phenomenon and Auspitz sign are also important diagnostic indicators.,34-011;34-019,,,,,,
psoriasis_P024,psoriasis,morphology,1,small bleeding points when scales are scraped off (Auspitz sign),Auspitz Sign: Small bleeding points seen when psoriatic scales are scraped off. || The Koebner phenomenon and Auspitz sign are also important diagnostic indicators.,34-012;34-019,,,,,,
squamous_cell_carcinoma_P001,squamous cell carcinoma,lab,1,squamous cell origin,"Squamous cell carcinoma (SCC) is a type of cancer that arises from squamous cells, which are flat cells that line various parts of the body, including the skin, mouth, esophagus, and lungs.",40-001,,,,,,
squamous_cell_carcinoma_P002,squamous cell carcinoma,lab,1,elevated white blood cell count,Complete Blood Count (CBC): May show elevated white blood cell count in advanced cases.,40-004,,,,,,
squamous_cell_carcinoma_P003,squamous cell carcinoma,lab,1,elevated C-reactive protein,C-reactive protein (CRP): Elevated in cases with inflammation or infection.,40-005,,,,,,
squamous_cell_carcinoma_P004,squamous cell carcinoma,morphology,1,hard lump with a scaly top layer,"Physical Examination: Presents as a hard lump with a scaly top layer or a non-healing ulcer on sun-exposed areas. || For cutaneous SCC, key diagnostic features include a hard lump with a scaly top layer, biopsy confirmation, and risk factors such as sun exposure and fair skin.",40-009;40-027,,,,,,
squamous_cell_carcinoma_P005,squamous cell carcinoma,morphology,1,non-healing ulcer,Physical Examination: Presents as a hard lump with a scaly top layer or a non-healing ulcer on sun-exposed areas.,40-009,,,,,,
squamous_cell_carcinoma_P006,squamous cell carcinoma,location,1,lesions on sun-exposed areas,Physical Examination: Presents as a hard lump with a scaly top layer or a non-healing ulcer on sun-exposed areas.,40-009,,,,,,
squamous_cell_carcinoma_P007,squamous cell carcinoma,history,1,prolonged sun and UV radiation exposure,"Risk Factors: Prolonged exposure to sunlight and UV radiation, fair skin, male sex, smoking, and previous history of skin cancer. || For cutaneous SCC, key diagnostic features include a hard lump with a scaly top layer, biopsy confirmation, and risk factors such as sun exposure and fair skin.",40-016;40-027,,,,,,
squamous_cell_carcinoma_P008,squamous cell carcinoma,history,1,fair skin,"Risk Factors: Prolonged exposure to sunlight and UV radiation, fair skin, male sex, smoking, and previous history of skin cancer. || For cutaneous SCC, key diagnostic features include a hard lump with a scaly top layer, biopsy confirmation, and risk factors such as sun exposure and fair skin.",40-016;40-027,,,,,,
squamous_cell_carcinoma_P009,squamous cell carcinoma,history,1,male sex,"Risk Factors: Prolonged exposure to sunlight and UV radiation, fair skin, male sex, smoking, and previous history of skin cancer.",40-016,,,,,,
squamous_cell_carcinoma_P010,squamous cell carcinoma,history,1,smoking,"Risk Factors: Prolonged exposure to sunlight and UV radiation, fair skin, male sex, smoking, and previous history of skin cancer.",40-016,,,,,,
squamous_cell_carcinoma_P011,squamous cell carcinoma,history,1,previous history of skin cancer,"Risk Factors: Prolonged exposure to sunlight and UV radiation, fair skin, male sex, smoking, and previous history of skin cancer.",40-016,,,,,,
squamous_cell_carcinoma_P012,squamous cell carcinoma,history,1,slow lesion growth,"Growth Pattern: Slow-growing, but if neglected, it can reach 2 cm and is three times more likely to spread.",40-017,,,,,,
squamous_cell_carcinoma_P013,squamous cell carcinoma,history,1,association with precursor keratotic lesions,"High-Risk Variants: SCC arising in actinic keratosis, HPV-associated SCC, tricholemmal carcinoma, and spindle cell SCC.",40-022,,,,,,
squamous_cell_carcinoma_P014,squamous cell carcinoma,history,1,HPV association,"High-Risk Variants: SCC arising in actinic keratosis, HPV-associated SCC, tricholemmal carcinoma, and spindle cell SCC.",40-022,,,,,,
squamous_cell_carcinoma_P015,squamous cell carcinoma,lab,1,trichilemmal differentiation,"High-Risk Variants: SCC arising in actinic keratosis, HPV-associated SCC, tricholemmal carcinoma, and spindle cell SCC.",40-022,,,,,,
squamous_cell_carcinoma_P016,squamous cell carcinoma,lab,1,spindle cell morphology,"High-Risk Variants: SCC arising in actinic keratosis, HPV-associated SCC, tricholemmal carcinoma, and spindle cell SCC.",40-022,,,,,,
squamous_cell_carcinoma_P017,squamous cell carcinoma,lab,1,acantholytic architecture,"Indeterminate Behavior: Adenoid (acantholytic) SCC, intraepidermal epithelioma with invasion, and lymphoepithelioma-like carcinoma.",40-023,,,,,,
squamous_cell_carcinoma_P018,squamous cell carcinoma,lab,1,invasive intraepidermal epithelioma,"Indeterminate Behavior: Adenoid (acantholytic) SCC, intraepidermal epithelioma with invasion, and lymphoepithelioma-like carcinoma.",40-023,,,,,,
squamous_cell_carcinoma_P019,squamous cell carcinoma,lab,1,lymphoepithelioma-like histology,"Indeterminate Behavior: Adenoid (acantholytic) SCC, intraepidermal epithelioma with invasion, and lymphoepithelioma-like carcinoma.",40-023,,,,,,
