unit_id,disease,section,subsection,text,exclude_reason,action,restore_canonical,restore_polarity,restore_category,note
29-005,pityriasis rosea,Important Lab Tests and Values,,"Viral Detection: PCR testing for HHV-6 and HHV-7 in lesional skin tissue can be useful in confirming the diagnosis, especially in atypical cases.",NOT_DIAGNOSTIC,,,,,
29-018,pityriasis rosea,Exclusions,,"Differential Diagnoses: Conditions such as tinea corporis, discoid eczema, erythema annulare centrifugum, guttate psoriasis, and secondary syphilis should be ruled out.",OTHER_DISEASE,,,,,
29-019,pityriasis rosea,Exclusions,,"Treatment: Treatment is generally unnecessary, as PR is self-limiting. However, symptomatic relief for itching can be provided with antihistamines or topical corticosteroids.",MANAGEMENT,,,,,
29-020,pityriasis rosea,Prognosis,,"Resolution: PR typically resolves within 8 to 10 weeks without scarring. In people with dark complexions, hyperpigmentation may persist for several months.",PROGNOSIS,,,,,
29-021,pityriasis rosea,Prognosis,,"Recurrence: Recurrence is rare, occurring in less than 5% of cases, but some studies suggest a higher recurrence rate of up to 25.9%.",PROGNOSIS,,,,,
29-022,pityriasis rosea,Prognosis,,"This summary focuses on the essential diagnostic criteria for pityriasis rosea, including key clinical features, lab tests, and radiological findings, to aid in accurate diagnosis and management.",NOT_DIAGNOSTIC,,,,,
34-002,psoriasis,Disease Description,,It affects about 2.2% of the population in the United States and can significantly impact a patient's quality of life.,EPIDEMIOLOGY,,,,,
34-015,psoriasis,Diagnostic Symptoms or Relevant Clinical Features,,"Cardiovascular Risk: Patients with severe psoriasis should be assessed for cardiovascular risk factors, including hypertension, hyperlipidemia, and diabetes.",MANAGEMENT,,,,,
34-020,psoriasis,Summary,,Patients with severe psoriasis should be assessed for cardiovascular risk factors to manage associated comorbidities effectively.,MANAGEMENT,,,,,
40-002,squamous cell carcinoma,Disease Description,,"SCC can occur in multiple anatomical sites, but this summary focuses on cutaneous SCC and SCC of the lung.",NOT_DIAGNOSTIC,,,,,
40-003,squamous cell carcinoma,Important Lab Tests and Values,Cutaneous SCC,Biopsy: The gold standard for diagnosis. Histopathological confirmation is essential.,NOT_DIAGNOSTIC,,,,,
40-006,squamous cell carcinoma,Important Lab Tests and Values,Lung SCC,Biopsy: Essential for confirming the diagnosis.,OTHER_DISEASE,,,,,
40-007,squamous cell carcinoma,Important Lab Tests and Values,Lung SCC,Cytokeratin 5/6 and p63: Immunohistochemical markers that can help differentiate SCC from other lung cancers.,OTHER_DISEASE,,,,,
40-008,squamous cell carcinoma,Important Lab Tests and Values,Lung SCC,"EGFR and ALK mutations: Less common in SCC compared to adenocarcinoma, but testing can guide targeted therapy.",OTHER_DISEASE,,,,,
40-010,squamous cell carcinoma,Key Radiological or Clinical Findings,Cutaneous SCC,Dermoscopy: Can help in early recognition and differential diagnosis.,NOT_DIAGNOSTIC,,,,,
40-011,squamous cell carcinoma,Key Radiological or Clinical Findings,Cutaneous SCC,Reflectance Confocal Microscopy: Non-invasive method for monitoring treatments.,MANAGEMENT,,,,,
40-012,squamous cell carcinoma,Key Radiological or Clinical Findings,Cutaneous SCC,CT Scan: Not typically used for cutaneous SCC but can be helpful in cases of suspected metastasis.,NOT_DIAGNOSTIC,,,,,
40-013,squamous cell carcinoma,Key Radiological or Clinical Findings,Lung SCC,"CT Scan: Characteristic findings include ground-glass opacity, rounded or spiculated mass, local nodal involvement, intraluminar obstruction, and lobar collapse.",OTHER_DISEASE,,,,,
40-014,squamous cell carcinoma,Key Radiological or Clinical Findings,Lung SCC,PET-CT: Useful for staging and detecting metastasis.,OTHER_DISEASE,,,,,
40-015,squamous cell carcinoma,Key Radiological or Clinical Findings,Lung SCC,Bronchoscopy: Can help in visualizing and biopsying central lesions.,OTHER_DISEASE,,,,,
40-018,squamous cell carcinoma,Diagnostic Symptoms or Relevant Clinical Features,Cutaneous SCC,"Complications: Local recurrence, nodal metastasis, and distant metastasis (usually to the lungs).",PROGNOSIS,,,,,
40-019,squamous cell carcinoma,Diagnostic Symptoms or Relevant Clinical Features,Lung SCC,"Risk Factors: Strong association with smoking, male sex, and age (median age at diagnosis is 70 years).",OTHER_DISEASE,,,,,
40-020,squamous cell carcinoma,Diagnostic Symptoms or Relevant Clinical Features,Lung SCC,"Symptoms: Cough, hemoptysis, chest pain, and weight loss.",OTHER_DISEASE,,,,,
40-021,squamous cell carcinoma,Diagnostic Symptoms or Relevant Clinical Features,Lung SCC,"Complications: Local invasion to lymph nodes, distant metastasis to liver, adrenal gland, bone, and brain.",OTHER_DISEASE,,,,,
40-024,squamous cell carcinoma,Variants and High-Risk Features,Lung SCC,"Histological Variants: Papillary, clear cell, small cell, and basaloid.",OTHER_DISEASE,,,,,
40-025,squamous cell carcinoma,Variants and High-Risk Features,Lung SCC,"High-Risk Features: Tumor size, lymphatic invasion, invasion of the pulmonary artery, presence of satellite lesions, and regional or distant metastasis.",OTHER_DISEASE,,,,,
40-026,squamous cell carcinoma,Summary,,"Squamous cell carcinoma (SCC) is a common and potentially aggressive cancer that can occur in various parts of the body, including the skin and lungs.",NOT_DIAGNOSTIC,,,,,
40-028,squamous cell carcinoma,Summary,,"For lung SCC, characteristic CT findings, biopsy, and risk factors like smoking are crucial.",OTHER_DISEASE,,,,,
40-029,squamous cell carcinoma,Summary,,"Both forms of SCC can metastasize, and early diagnosis and treatment are essential to improve outcomes.",PROGNOSIS,,,,,
40-030,squamous cell carcinoma,Summary,,High-risk variants and features should be identified to guide appropriate management and reduce the risk of recurrence and metastasis.,MANAGEMENT,,,,,
12-008,granuloma annulare,Important Lab Tests and Values,,"HIV Testing: Recommended for patients with generalized or perforating GA, especially if there are other risk factors.",MANAGEMENT,,,,,
12-026,granuloma annulare,Summary,,Laboratory tests and imaging are generally not required for diagnosis but may be useful in evaluating associated conditions.,NOT_DIAGNOSTIC,,,,,
24-002,nematode infection,Disease Description,,These infections are prevalent in tropical and subtropical regions and affect over a billion people worldwide.,EPIDEMIOLOGY,,,,,
24-004,nematode infection,Disease Description,,Each of these infections has specific diagnostic criteria and clinical features.,NOT_DIAGNOSTIC,,,,,
24-006,nematode infection,Important Lab Tests and Values,,Stool Examination: Microscopic examination of stool samples for eggs or larvae is a primary diagnostic method. Specific tests include:,NOT_DIAGNOSTIC,,,,,
24-029,nematode infection,Additional Considerations,,"Preventive Measures: Regular deworming programs, improved sanitation, and health education can help reduce the prevalence of nematode infections.",MANAGEMENT,,,,,
24-030,nematode infection,Additional Considerations,,"This summary focuses on the essential diagnostic criteria for nematode infections, including lab values, clinical features, and radiological findings, to aid in the accurate diagnosis and classification of these diseases.",NOT_DIAGNOSTIC,,,,,
